Team,Season,Score,Numot,Fgm,Fga,Fgm3,Fga3,Ftm,Fta,Or,Dr,Ast,To,Stl,Blk,Pf,Scorediff,Win,Loss,Count
Air Force,2006,63.5,0,21.92857143,45.57142857,8.607142857,21.67857143,11.03571429,14.78571429,6.785714286,17.78571429,14.17857143,10.92857143,8,2.107142857,15.39285714,8.928571429,0.785714286,0.214285714,28
Akron,2006,71.46666667,0.066666667,24.33333333,54.23333333,7.5,21,15.3,21.03333333,11,22.13333333,15.63333333,12.56666667,6.033333333,2.966666667,18.96666667,5.333333333,0.7,0.3,30
Alabama,2006,69.96551724,0.068965517,24.51724138,54.06896552,5.517241379,16.24137931,15.4137931,21.82758621,12.51724138,24.48275862,12.20689655,13.51724138,6.344827586,5.034482759,13.82758621,2.827586207,0.586206897,0.413793103,29
Alabama A&M,2006,73.95652174,0,25.52173913,61.13043478,6.260869565,19.43478261,16.65217391,25.52173913,12.91304348,25.43478261,12.13043478,15.65217391,8.217391304,5.739130435,19.69565217,1.304347826,0.47826087,0.52173913,23
Alabama St,2006,66.16666667,0.033333333,22.96666667,56.2,5.8,18.63333333,14.43333333,23,13.16666667,22.46666667,10.26666667,15.86666667,5.966666667,2.766666667,21.33333333,-4.4,0.4,0.6,30
Albany NY,2006,68.87096774,0.096774194,23.19354839,51.87096774,7.064516129,18.51612903,15.41935484,21.74193548,11,22.96774194,12.61290323,14.16129032,6.387096774,2.580645161,19.09677419,4.580645161,0.677419355,0.322580645,31
Alcorn St,2006,66,0,23.28571429,55.14285714,6.071428571,18.78571429,13.35714286,20.35714286,11.32142857,24.32142857,12.03571429,18.28571429,6.964285714,3.035714286,21.89285714,-7.071428571,0.285714286,0.714285714,28
American Univ,2006,63.79310345,0.068965517,22.5862069,54.24137931,5.689655172,16.75862069,12.93103448,18.72413793,12.62068966,22.10344828,13.06896552,15.5862069,6.551724138,3.068965517,18.89655172,-4.172413793,0.413793103,0.586206897,29
Appalachian St,2006,68.14285714,0.107142857,23.42857143,55.75,8.071428571,22.92857143,13.21428571,18.60714286,12.03571429,21.42857143,13.42857143,15.42857143,7.5,3.607142857,19.21428571,-2.821428571,0.428571429,0.571428571,28
Arizona,2006,72.93548387,0.161290323,27.29032258,61.70967742,4.258064516,13.48387097,14.09677419,20.12903226,13.61290323,20.90322581,14.77419355,13.48387097,9.870967742,3.774193548,16.48387097,4.870967742,0.612903226,0.387096774,31
Arizona St,2006,67.07142857,0.142857143,23.39285714,54.28571429,5.642857143,14.92857143,14.64285714,20.28571429,11.07142857,22.03571429,14.39285714,15.07142857,6.428571429,3.214285714,20.07142857,-2.857142857,0.392857143,0.607142857,28
Ark Little Rock,2006,64.07142857,0,21.82142857,53.17857143,4.321428571,13.67857143,16.10714286,23.46428571,13.5,21.17857143,14.03571429,15.75,7.75,2.5,18.07142857,-1.535714286,0.464285714,0.535714286,28
Ark Pine Bluff,2006,61.33333333,0,22.37037037,56.03703704,4.925925926,15.92592593,11.66666667,17.2962963,9.851851852,25.03703704,10.81481481,15.66666667,7.592592593,4.333333333,19.22222222,-1.666666667,0.407407407,0.592592593,27
Arkansas,2006,74.32258065,0.064516129,26.51612903,57.74193548,5.709677419,16.80645161,15.58064516,22.4516129,12.19354839,22.83870968,15.5483871,13.38709677,8.451612903,6.129032258,16.93548387,9.258064516,0.709677419,0.290322581,31
Arkansas St,2006,71.89285714,0.071428571,26,55.71428571,5.678571429,15.78571429,14.21428571,21.67857143,10.57142857,23.78571429,13.35714286,15.53571429,6,2.5,18.67857143,-4.035714286,0.357142857,0.642857143,28
Army,2006,54.48,0.16,19.04,48.48,5.48,15.84,10.92,15.84,8.16,20.8,10.84,15.68,5.44,1.6,20.08,-14.2,0.12,0.88,25
Auburn,2006,65.57142857,0,23.35714286,53.89285714,6.928571429,19.46428571,11.92857143,18.89285714,12.39285714,20.60714286,13.5,15.92857143,8.071428571,4.214285714,19.64285714,-2.142857143,0.428571429,0.571428571,28
Austin Peay,2006,71.87096774,0.096774194,24.67741935,54.19354839,5.483870968,16.38709677,17.03225806,22.80645161,10.51612903,22.32258065,14.03225806,14.41935484,7,3,18.58064516,0.612903226,0.548387097,0.451612903,31
BYU,2006,76.92592593,0.037037037,27,58.74074074,7.074074074,18.03703704,15.85185185,21.88888889,11.51851852,23.88888889,15.81481481,14.37037037,6.888888889,3.555555556,20.2962963,4.518518519,0.703703704,0.296296296,27
Ball St,2006,62.53846154,0.115384615,22.23076923,52.19230769,5.307692308,14.76923077,12.76923077,19.34615385,11.38461538,21.53846154,11.5,14.42307692,6.846153846,3.538461538,22.84615385,-2.923076923,0.307692308,0.692307692,26
Baylor,2006,63.17647059,0.058823529,21.58823529,54.29411765,7.882352941,21.17647059,12.11764706,17.52941176,10,21.88235294,10.94117647,15.23529412,6.176470588,4.235294118,20,-9.352941176,0.235294118,0.764705882,17
Belmont,2006,81.83333333,0.133333333,29.33333333,58.66666667,8.566666667,22.43333333,14.6,21,11.83333333,23.9,16.96666667,16.3,7.733333333,3.566666667,19.86666667,5.9,0.666666667,0.333333333,30
Bethune-Cookman,2006,65.4,0.133333333,23.53333333,55.83333333,5.733333333,17.56666667,12.6,20.46666667,11.23333333,22.03333333,12.3,15.26666667,9.2,2,19.46666667,-3.166666667,0.5,0.5,30
Binghamton,2006,62.48275862,0.068965517,21.24137931,55.5862069,6.172413793,20.34482759,13.82758621,18.65517241,11.86206897,21.82758621,10.10344828,11.89655172,7,1.689655172,19.44827586,1,0.551724138,0.448275862,29
Birmingham So,2006,66.92307692,0,22.53846154,49.61538462,7.538461538,20.57692308,14.30769231,21.11538462,10.65384615,21.53846154,12.53846154,12.34615385,5.807692308,1.5,18.19230769,2.307692308,0.653846154,0.346153846,26
Boise St,2006,71.89285714,0.071428571,25.5,58,7.928571429,21.71428571,12.96428571,18.25,10.03571429,25.53571429,14.25,15.60714286,5.642857143,2.107142857,18.53571429,0.357142857,0.464285714,0.535714286,28
Boston College,2006,74.53125,0.0625,26.375,53.90625,6,16.09375,15.78125,23.5,13.03125,22.15625,17.8125,13.3125,5.9375,4.28125,16.5,7.65625,0.78125,0.21875,32
Boston Univ,2006,58.92857143,0.071428571,21.17857143,51.75,5.357142857,16.07142857,11.21428571,16.92857143,11.14285714,23.07142857,13.46428571,13.42857143,6.678571429,3,17.46428571,-0.678571429,0.428571429,0.571428571,28
Bowling Green,2006,64.71428571,0.107142857,21.75,50.42857143,7.071428571,18.85714286,14.14285714,19.64285714,7.964285714,19.53571429,13.39285714,16.57142857,6.25,1.5,24.07142857,-8.214285714,0.25,0.75,28
Bradley,2006,71.53333333,0.1,26.1,58.73333333,5.566666667,16.93333333,13.76666667,19.16666667,12.6,25.1,16.53333333,15.2,9.2,4.833333333,18.73333333,7.233333333,0.666666667,0.333333333,30
Brown,2006,59.74074074,0.111111111,20.18518519,48.77777778,4.925925926,17.51851852,14.44444444,21.88888889,9.740740741,22.37037037,12.51851852,16.07407407,7.037037037,2.962962963,17.18518519,-4.703703704,0.37037037,0.62962963,27
Bucknell,2006,66.31034483,0.068965517,23,48.82758621,6.034482759,15.5862069,14.27586207,20.65517241,9.310344828,22.37931034,14.5862069,14.48275862,8.724137931,1.689655172,17.55172414,10.65517241,0.862068966,0.137931034,29
Buffalo,2006,71.64516129,0.096774194,23.61290323,54.16129032,6.548387097,17.80645161,17.87096774,23.74193548,12.41935484,21.03225806,12.4516129,16.19354839,7.870967742,2.225806452,19.64516129,1.129032258,0.580645161,0.419354839,31
Butler,2006,68.96774194,0.193548387,23.96774194,51.90322581,9.129032258,23.38709677,11.90322581,17.03225806,7.64516129,18.22580645,13.41935484,8.935483871,6.225806452,2.35483871,17.16129032,7.258064516,0.612903226,0.387096774,31
C Michigan,2006,58.96296296,0.111111111,20.55555556,51.11111111,5.037037037,17.33333333,12.81481481,18.88888889,10.92592593,21.2962963,9.962962963,19.14814815,6.185185185,4.37037037,20.51851852,-11.37037037,0.111111111,0.888888889,27
CS Fullerton,2006,78.42857143,0.214285714,28.75,61.96428571,7.714285714,20.03571429,13.21428571,19.96428571,13.25,24.71428571,14.96428571,15.07142857,6.964285714,2.107142857,18.85714286,2.321428571,0.535714286,0.464285714,28
CS Northridge,2006,69.22222222,0.074074074,23.37037037,54.59259259,5.481481481,15.88888889,17,23.37037037,10.88888889,21.66666667,13.2962963,17.74074074,7.518518519,2.925925926,20.48148148,-5.481481481,0.37037037,0.62962963,27
CS Sacramento,2006,75.32142857,0.107142857,26.39285714,61.82142857,7.25,21,15.28571429,21.5,13.03571429,19.53571429,11.92857143,12.07142857,9.357142857,3.607142857,22.75,-0.25,0.464285714,0.535714286,28
Cal Poly SLO,2006,64.74074074,0.037037037,22.40740741,54,7.777777778,21.85185185,12.14814815,17.44444444,11.74074074,22.62962963,11.22222222,15.11111111,5.259259259,2,18.66666667,-6,0.296296296,0.703703704,27
California,2006,69.2,0.166666667,23.23333333,51.7,5.466666667,14.53333333,17.26666667,23.53333333,9.733333333,22.8,13.1,12.36666667,5.166666667,2.733333333,16.66666667,4.466666667,0.666666667,0.333333333,30
Campbell,2006,82.82142857,0.071428571,28.82142857,65.60714286,9.857142857,28.10714286,15.32142857,23.96428571,15.75,23.46428571,17,18.17857143,7.428571429,2.607142857,21.28571429,-3.178571429,0.357142857,0.642857143,28
Canisius,2006,70.68965517,0.103448276,25.82758621,57,6.620689655,19.17241379,12.4137931,17.13793103,10.75862069,22.03448276,13.5862069,13.5862069,7.379310345,2.896551724,17.24137931,-4.24137931,0.310344828,0.689655172,29
Centenary,2006,65.84615385,0.038461538,23.5,54.03846154,6.346153846,17.42307692,12.5,17.57692308,10.65384615,21,14.88461538,17.38461538,6.576923077,2.538461538,19.42307692,-11.80769231,0.115384615,0.884615385,26
Central Conn,2006,72.48275862,0.206896552,24.86206897,56,7.931034483,20.62068966,14.82758621,20.55172414,13.10344828,21.17241379,14.75862069,12.82758621,6.586206897,2.344827586,15.44827586,4.620689655,0.620689655,0.379310345,29
Charleston So,2006,67.32,0,23.2,56.56,6.76,20.4,14.16,20.96,12.04,21.56,11.96,13.24,7.16,2.72,20.12,-4.12,0.4,0.6,25
Charlotte,2006,69.23333333,0.1,23.63333333,58.66666667,8.6,23.3,13.36666667,20.66666667,14.6,23.56666667,14.06666667,12.73333333,6.933333333,2.566666667,17.7,2.6,0.6,0.4,30
Chattanooga,2006,69.32142857,0.071428571,23.67857143,54.25,5.75,17.96428571,16.21428571,24.85714286,10.67857143,25.14285714,12.5,14.39285714,7.035714286,2.321428571,16.71428571,-2.321428571,0.535714286,0.464285714,28
Chicago St,2006,68.66666667,0.1,23.7,57.06666667,6.8,18.53333333,14.46666667,21,12.76666667,19.7,12.33333333,13.6,8.033333333,3.266666667,20.9,-5.066666667,0.366666667,0.633333333,30
Cincinnati,2006,74.06666667,0.066666667,26.63333333,62.6,5.933333333,18.5,14.86666667,19.76666667,13.06666667,24,13.06666667,11.76666667,7.166666667,5.666666667,17.2,4.433333333,0.6,0.4,30
Citadel,2006,62.51851852,0.111111111,21.37037037,55.74074074,6.259259259,20.48148148,13.51851852,21.44444444,12.81481481,20.11111111,10.59259259,15.03703704,7.111111111,3.185185185,20.44444444,-13.07407407,0.222222222,0.777777778,27
Clemson,2006,73.79310345,0.172413793,26.51724138,61.34482759,7.24137931,23.13793103,13.51724138,22.06896552,14.86206897,21.96551724,13.96551724,15.31034483,10.96551724,4.379310345,19.5862069,5.344827586,0.586206897,0.413793103,29
Cleveland St,2006,63.19230769,0.115384615,22.76923077,57.61538462,5.653846154,17.5,12,18.76923077,13.11538462,21.80769231,13,16.15384615,7.923076923,2.538461538,20.69230769,-7.769230769,0.307692308,0.692307692,26
Coastal Car,2006,69.23076923,0.038461538,24.38461538,53.61538462,7.346153846,20.92307692,13.11538462,17.42307692,11.11538462,21.30769231,14.26923077,13.65384615,6.961538462,2.115384615,18.11538462,1.307692308,0.615384615,0.384615385,26
Col Charleston,2006,71.5,0,25.73076923,58.92307692,5.384615385,17.73076923,14.65384615,22.15384615,15.19230769,25.15384615,12.88461538,16.07692308,7.576923077,2.461538462,18.5,3.346153846,0.576923077,0.423076923,26
Colgate,2006,57.78571429,0.071428571,20.39285714,50.46428571,6.142857143,18.64285714,10.85714286,15.89285714,10.78571429,21.67857143,10.5,16.14285714,5.821428571,2.714285714,18.89285714,-4.464285714,0.321428571,0.678571429,28
Colorado,2006,77.37931034,0.034482759,28,64.34482759,8.137931034,23.51724138,13.24137931,20.17241379,15.82758621,25.27586207,16.72413793,14.03448276,8.517241379,5.75862069,19.31034483,7.448275862,0.689655172,0.310344828,29
Colorado St,2006,72.5862069,0.034482759,25.27586207,52.31034483,5.75862069,15,16.27586207,22.24137931,10.27586207,23.55172414,15.03448276,17.27586207,6.896551724,6.448275862,20.37931034,0.75862069,0.482758621,0.517241379,29
Columbia,2006,63.34615385,0.038461538,22.11538462,50.65384615,5.846153846,16.26923077,13.26923077,18.15384615,10.38461538,23.73076923,12.26923077,16.65384615,4.923076923,1.846153846,20.65384615,-5,0.384615385,0.615384615,26
Connecticut,2006,81.33333333,0.066666667,29.06666667,62.1,5.3,14.8,17.9,25.5,16.3,28.66666667,15.93333333,14.2,6.633333333,9.333333333,15.4,15.9,0.9,0.1,30
Coppin St,2006,63.96666667,0.1,22.23333333,55.6,5.766666667,17.46666667,13.73333333,19.96666667,10.2,20.5,9.766666667,13.03333333,8,1.766666667,18.36666667,-4.833333333,0.4,0.6,30
Cornell,2006,62.37037037,0.074074074,21.55555556,51.18518519,7.148148148,19.44444444,12.11111111,16.92592593,9.333333333,22.66666667,12.51851852,14.07407407,6.888888889,2.555555556,18.22222222,-1.481481481,0.444444444,0.555555556,27
Creighton,2006,66.39285714,0.142857143,22.14285714,52.78571429,7.035714286,19.71428571,15.07142857,21.92857143,11.42857143,22.92857143,13.10714286,13.35714286,8.214285714,3.214285714,17.03571429,5.25,0.678571429,0.321428571,28
Dartmouth,2006,60.44444444,0.148148148,22.55555556,54.44444444,6.185185185,17.07407407,9.148148148,13.18518519,10.59259259,20.44444444,12.22222222,13.62962963,7,3.518518519,19.85185185,-6.777777778,0.222222222,0.777777778,27
Davidson,2006,75.59259259,0.111111111,26.74074074,59.48148148,8.62962963,23.85185185,13.48148148,17.55555556,12.25925926,26.25925926,17.66666667,13.2962963,4.481481481,1.555555556,18.33333333,5.407407407,0.62962963,0.37037037,27
Dayton,2006,63.36666667,0.1,23.16666667,54.2,6.133333333,16.13333333,10.9,16.43333333,12.23333333,23.63333333,13.33333333,13.96666667,4.9,2.866666667,18.9,1.033333333,0.433333333,0.566666667,30
DePaul,2006,64.88888889,0.037037037,23.74074074,54.03703704,5.333333333,16.92592593,12.07407407,17.25925926,10.92592593,22.40740741,12.62962963,12.11111111,5.481481481,3.888888889,15.2962963,-2.222222222,0.444444444,0.555555556,27
Delaware,2006,66.1,0.033333333,22.96666667,55.96666667,7.133333333,20.7,13.03333333,20.1,12.2,23.36666667,12.96666667,16.2,7.633333333,3.566666667,21.23333333,-4.766666667,0.3,0.7,30
Delaware St,2006,57.63636364,0.03030303,19.6969697,45.78787879,5.787878788,16.6969697,12.45454545,18.39393939,9.787878788,16.84848485,10.60606061,12.84848485,7.757575758,2.696969697,15.72727273,0.454545455,0.606060606,0.393939394,33
Denver,2006,66.4516129,0.096774194,23.32258065,52.5483871,5.709677419,15.80645161,14.09677419,18.80645161,9.258064516,25.77419355,13.29032258,14.87096774,4.870967742,4.161290323,15.32258065,0.483870968,0.516129032,0.483870968,31
Detroit,2006,63.26666667,0.1,23.66666667,53.63333333,4.633333333,13.03333333,11.3,16.16666667,12.8,21.3,11.63333333,13.66666667,4.666666667,3.266666667,18.76666667,-2.433333333,0.466666667,0.533333333,30
Drake,2006,67.31034483,0.137931034,23.27586207,54.96551724,5.172413793,14.86206897,15.5862069,21.68965517,14,21.34482759,12.5862069,15.75862069,8.034482759,2.413793103,16.82758621,-2.896551724,0.344827586,0.655172414,29
Drexel,2006,62.25806452,0.064516129,21.93548387,56.29032258,5.64516129,16.96774194,12.74193548,19,13.83870968,24.32258065,11.80645161,13.48387097,6.709677419,5.290322581,18.03225806,2.548387097,0.483870968,0.516129032,31
Duke,2006,82.51515152,0.03030303,27.75757576,56.15151515,7.818181818,19.75757576,19.18181818,25.21212121,9.545454545,23.36363636,15.36363636,13.39393939,9.545454545,5.424242424,17.48484848,13.54545455,0.909090909,0.090909091,33
Duquesne,2006,66.14814815,0,24.07407407,56.88888889,6.148148148,17.85185185,11.85185185,16.22222222,10.74074074,21.74074074,14.66666667,14.14814815,4.518518519,3.407407407,19.03703704,-11.2962963,0.111111111,0.888888889,27
E Illinois,2006,59.22222222,0.074074074,21.66666667,51.85185185,5.296296296,13.85185185,10.59259259,14.40740741,10.37037037,21.40740741,13.11111111,14.92592593,6.481481481,2.518518519,17.51851852,-8.703703704,0.222222222,0.777777778,27
E Kentucky,2006,69.55172414,0.068965517,24.75862069,53.5862069,7.620689655,20.89655172,12.4137931,17.96551724,10,19.4137931,13.51724138,13.17241379,7.137931034,2.206896552,13.96551724,-3.827586207,0.448275862,0.551724138,29
E Michigan,2006,65.53571429,0.071428571,22.25,49.78571429,6.392857143,17.85714286,14.64285714,20.5,10.32142857,21.28571429,12.89285714,17.35714286,6,1.857142857,19.60714286,-6.464285714,0.25,0.75,28
E Washington,2006,73.5862069,0.068965517,26.37931034,54.48275862,5.482758621,15.06896552,15.34482759,22.4137931,11.13793103,21.55172414,15.65517241,15.86206897,6.482758621,4.275862069,19,-0.827586207,0.482758621,0.517241379,29
ETSU,2006,81.57142857,0.107142857,30.78571429,65.25,5.821428571,17.71428571,14.17857143,22,14.60714286,24.21428571,12.17857143,16.71428571,10.28571429,2.714285714,17.46428571,3.785714286,0.535714286,0.464285714,28
East Carolina,2006,60.76923077,0.115384615,20.15384615,52.53846154,6,20.30769231,14.46153846,22.03846154,12.30769231,22.26923077,12.92307692,15.53846154,6.846153846,1.538461538,19.23076923,-6.384615385,0.230769231,0.769230769,26
Elon,2006,65.03846154,0.153846154,22.57692308,52.19230769,6.115384615,19,13.76923077,20,10.23076923,23.69230769,13.26923077,15.65384615,7.038461538,2.615384615,18.65384615,-4.038461538,0.461538462,0.538461538,26
Evansville,2006,65.34482759,0.034482759,22.06896552,52.31034483,6.482758621,20.10344828,14.72413793,20.34482759,9.310344828,24.51724138,13.03448276,16.55172414,4.655172414,2.655172414,19.93103448,-5.620689655,0.344827586,0.655172414,29
F Dickinson,2006,73.46666667,0.133333333,27.1,59.5,6.4,18.2,12.86666667,19.9,11.5,24.96666667,15.8,14.8,7.433333333,6.266666667,16.76666667,2.3,0.633333333,0.366666667,30
FL Atlantic,2006,73.39285714,0.071428571,26.64285714,56.14285714,7.714285714,19.32142857,12.39285714,18.07142857,11.10714286,20.96428571,15.75,15.07142857,8.071428571,1.964285714,18.32142857,0.642857143,0.535714286,0.464285714,28
Fairfield,2006,72.07142857,0.071428571,25.17857143,59.21428571,8.285714286,21.92857143,13.42857143,17.96428571,11.21428571,20.82142857,12.89285714,11.60714286,6.857142857,2.392857143,19.78571429,-6.178571429,0.321428571,0.678571429,28
Florida,2006,79.27272727,0.03030303,27.63636364,54.39393939,7.393939394,18.75757576,16.60606061,22.60606061,10.60606061,24.63636364,17.03030303,14.87878788,8.03030303,4.939393939,16.12121212,14.48484848,0.818181818,0.181818182,33
Florida A&M,2006,66.6,0.066666667,23.03333333,52.83333333,4.466666667,14.53333333,16.06666667,22.9,12.46666667,22.96666667,10.26666667,18.03333333,8.3,1.633333333,17.2,-5.5,0.433333333,0.566666667,30
Florida Intl,2006,61.2962963,0.185185185,21.40740741,52.55555556,5.888888889,17.48148148,12.59259259,20.85185185,10.88888889,24.03703704,11.85185185,17.85185185,6.074074074,3.333333333,23.2962963,-8.555555556,0.259259259,0.740740741,27
Florida St,2006,77.39285714,0.107142857,26.89285714,55.85714286,6.321428571,16.64285714,17.28571429,24.42857143,11.07142857,22.28571429,13.67857143,16.10714286,9.035714286,2.5,19.17857143,7.928571429,0.678571429,0.321428571,28
Fordham,2006,67.75,0.1875,23.3125,54.5625,7.46875,20.25,13.65625,19.90625,11.9375,21.84375,13.375,12.78125,5.46875,3.8125,16.90625,0.34375,0.5,0.5,32
Fresno St,2006,73.82142857,0.107142857,25.07142857,61.21428571,9.464285714,26.92857143,14.21428571,20,11.85714286,22.71428571,14.07142857,13.46428571,8.178571429,3.857142857,17.35714286,0.142857143,0.535714286,0.464285714,28
Furman,2006,69.24,0.08,24.08,53.64,8.16,22.36,12.92,17.64,10.32,22.4,14.64,14.44,6.64,2.64,16.84,-0.32,0.48,0.52,25
G Washington,2006,78.96428571,0.107142857,28.32142857,60,5.964285714,16.82142857,16.35714286,25.5,13.82142857,24.35714286,17.32142857,14.14285714,9.428571429,4.678571429,17.89285714,12.28571429,0.928571429,0.071428571,28
Ga Southern,2006,76.40740741,0.037037037,28.03703704,61.51851852,6.62962963,16.88888889,13.7037037,19.44444444,12.11111111,23.55555556,15.14814815,15.7037037,8.333333333,3.925925926,20.37037037,3.37037037,0.666666667,0.333333333,27
Gardner Webb,2006,69.03448276,0.068965517,25.06896552,55.31034483,7.172413793,20.06896552,11.72413793,15.4137931,11.10344828,23.24137931,14.5862069,16.10344828,6.310344828,3.448275862,17.44827586,-2.448275862,0.586206897,0.413793103,29
George Mason,2006,69.4,0.066666667,25.73333333,53.2,5.933333333,16.86666667,12,17.96666667,10.1,24.8,15.16666667,13.2,7.3,3.533333333,15.4,10.56666667,0.766666667,0.233333333,30
Georgetown,2006,66.66666667,0.066666667,23.96666667,50.8,6.9,19.13333333,11.83333333,16.8,10.7,21.9,15.53333333,11.73333333,6.033333333,3.533333333,14.93333333,7.133333333,0.7,0.3,30
Georgia,2006,70.33333333,0.033333333,25.76666667,59.76666667,6.966666667,20.46666667,11.83333333,18.16666667,13.13333333,21.7,12.56666667,15.46666667,9.066666667,4.466666667,19.53333333,-0.6,0.5,0.5,30
Georgia St,2006,65.10344828,0.068965517,22.96551724,55.48275862,6.517241379,18.68965517,12.65517241,19.20689655,11.5862069,20.96551724,12.10344828,14.10344828,6.517241379,3.655172414,18.75862069,-6.206896552,0.24137931,0.75862069,29
Georgia Tech,2006,71.85714286,0.035714286,26.39285714,57.42857143,5.5,14.25,13.57142857,20.35714286,13.35714286,23.85714286,14.67857143,17.82142857,8.714285714,4.142857143,21.75,-0.25,0.392857143,0.607142857,28
Gonzaga,2006,80.1,0.133333333,27.3,57.23333333,5.7,15.56666667,19.8,25.3,12.6,25,14.03333333,13.33333333,7.266666667,2.8,18.8,7.633333333,0.9,0.1,30
Grambling,2006,66.52,0.08,24.52,60.08,4.96,16.32,12.52,18.8,12.92,24.24,9.8,15.68,6.76,1.6,22.16,-3.84,0.48,0.52,25
Hampton,2006,66.80645161,0,23.96774194,57.32258065,5.580645161,17.61290323,13.29032258,21.41935484,13.77419355,25.4516129,12.35483871,16.22580645,7.64516129,3.064516129,20.87096774,3,0.516129032,0.483870968,31
Hartford,2006,67,0.037037037,24.44444444,56.11111111,5.925925926,17.88888889,12.18518519,19.40740741,14.81481481,23.07407407,12.25925926,15.92592593,7.111111111,2.62962963,18.88888889,-0.62962963,0.444444444,0.555555556,27
Harvard,2006,66.92592593,0.037037037,22.33333333,54.25925926,5.37037037,16.96296296,16.88888889,22.66666667,12.74074074,22.40740741,11.48148148,16.88888889,7.444444444,4.111111111,16.44444444,-1.37037037,0.481481481,0.518518519,27
Hawaii,2006,67.60714286,0.035714286,25.17857143,54.71428571,5.214285714,15.78571429,12.03571429,18.96428571,11.21428571,23.28571429,14.82142857,13.39285714,6.285714286,5.928571429,16.14285714,3.214285714,0.607142857,0.392857143,28
High Point,2006,73.11111111,0,26.62962963,58.18518519,6.925925926,19.88888889,12.92592593,19.2962963,10.81481481,22.92592593,14.40740741,15.92592593,8,3.851851852,20.33333333,-0.62962963,0.518518519,0.481481481,27
Hofstra,2006,73.46666667,0.133333333,26.43333333,57.26666667,6.533333333,18.06666667,14.06666667,21.6,12.8,23.46666667,13.46666667,13.66666667,7.3,4.3,17.33333333,6.2,0.8,0.2,30
Holy Cross,2006,66.375,0.0625,22.4375,52.90625,6.3125,17.25,15.1875,21.15625,11.71875,23.75,14,15.5625,9.0625,3.46875,19.40625,5.90625,0.625,0.375,32
Houston,2006,70.64285714,0.107142857,24.32142857,60.60714286,8.892857143,26.67857143,13.10714286,20.17857143,12.96428571,21.21428571,13.85714286,13.17857143,11.78571429,3.785714286,20.07142857,5.428571429,0.678571429,0.321428571,28
Howard,2006,64.93103448,0,22.48275862,53.44827586,6.172413793,18.06896552,13.79310345,18.37931034,10.62068966,19.37931034,11.51724138,16.34482759,8.068965517,2.517241379,18.86206897,-5.724137931,0.24137931,0.75862069,29
IL Chicago,2006,68.56666667,0.233333333,24.9,56.2,4.066666667,13.03333333,14.7,21.36666667,13.9,22.76666667,12.96666667,13.63333333,6.633333333,2.6,15.83333333,-1.3,0.533333333,0.466666667,30
IPFW,2006,62.73076923,0.038461538,22.46153846,54.88461538,7.307692308,20.26923077,10.5,14.65384615,9.192307692,21.03846154,11.03846154,13.57692308,6.692307692,1.846153846,17.03846154,-7.461538462,0.307692308,0.692307692,26
IUPUI,2006,69.11111111,0.074074074,22.88888889,52.96296296,7.444444444,21.03703704,15.88888889,21.44444444,10.66666667,21,12.18518519,11.40740741,6.037037037,2.148148148,18.48148148,2.111111111,0.62962963,0.37037037,27
Idaho,2006,59.82142857,0.071428571,21.89285714,54.57142857,5.678571429,17.53571429,10.35714286,15.64285714,11,19.60714286,9.5,13.32142857,5.678571429,1.321428571,18.21428571,-12.71428571,0.107142857,0.892857143,28
Idaho St,2006,76.68,0.04,25.96,57.2,7.16,18.76,17.6,24.12,11.8,24.88,14.56,16.2,5.24,6.36,19.6,-1.36,0.44,0.56,25
Illinois,2006,69.96774194,0,25.61290323,56.12903226,7.35483871,20.25806452,11.38709677,17.96774194,12.4516129,23.5483871,15.09677419,12.35483871,6.225806452,2.516129032,17.38709677,11.87096774,0.806451613,0.193548387,31
Illinois St,2006,55.55555556,0.074074074,20.48148148,50.51851852,6.111111111,18.96296296,8.481481481,13.77777778,9.555555556,22.44444444,12.62962963,16.25925926,6.703703704,4.555555556,17.77777778,-3.851851852,0.296296296,0.703703704,27
Indiana,2006,71.17241379,0,25.20689655,54.82758621,8.689655172,21.96551724,12.06896552,17.27586207,10,23.93103448,14.96551724,14.62068966,6.310344828,2.379310345,18.20689655,5.275862069,0.620689655,0.379310345,29
Indiana St,2006,63.57142857,0.107142857,22.71428571,54.25,5.892857143,16.82142857,12.25,17.57142857,9.678571429,21.35714286,13.64285714,13.32142857,6.75,2.607142857,16.57142857,-5.25,0.428571429,0.571428571,28
Iona,2006,80.36666667,0.033333333,28.6,59.13333333,6.433333333,15.66666667,16.73333333,24.1,13.33333333,23.7,15.83333333,15.1,7.633333333,4.166666667,18.56666667,8.433333333,0.766666667,0.233333333,30
Iowa,2006,66.39393939,0.121212121,23.12121212,53.63636364,5.606060606,16.72727273,14.54545455,20.60606061,11,26.84848485,14.90909091,14.75757576,6.696969697,4.909090909,15.12121212,7.636363636,0.757575758,0.242424242,33
Iowa St,2006,76.51724138,0.103448276,28.55172414,63.31034483,6.75862069,19.55172414,12.65517241,18.10344828,12.75862069,20.06896552,16.31034483,13.31034483,9.551724138,2.482758621,20.44827586,2.137931034,0.517241379,0.482758621,29
Jackson St,2006,71.58064516,0.096774194,25.35483871,60.93548387,5.483870968,16.41935484,15.38709677,21.80645161,12.25806452,22.93548387,11,15.41935484,9.193548387,4.35483871,21,-2.290322581,0.451612903,0.548387097,31
Jacksonville,2006,73.44444444,0.111111111,26.18518519,60.25925926,6.37037037,18.07407407,14.7037037,21.48148148,12.11111111,23.55555556,14.11111111,18.62962963,6.37037037,3.592592593,22.44444444,-12.66666667,0.037037037,0.962962963,27
Jacksonville St,2006,75.82142857,0,26.57142857,57.60714286,7.642857143,19.85714286,15.03571429,21.64285714,12.10714286,20.64285714,13.42857143,13.96428571,7.892857143,3.321428571,19.28571429,0,0.535714286,0.464285714,28
James Madison,2006,64.39285714,0.071428571,23.32142857,57.92857143,5.928571429,17.82142857,11.82142857,19.10714286,14.5,20.92857143,12.89285714,16.32142857,5.892857143,2.071428571,19.96428571,-13.32142857,0.178571429,0.821428571,28
Kansas,2006,74.35483871,0.032258065,27.29032258,57.87096774,6.161290323,16.32258065,13.61290323,20.4516129,13.16129032,26.16129032,17.93548387,15.64516129,9.677419355,5.774193548,18.03225806,13.29032258,0.774193548,0.225806452,31
Kansas St,2006,68.25,0.071428571,24.39285714,54.92857143,4.357142857,12.03571429,15.10714286,21.25,12.75,23.60714286,16.14285714,14.96428571,6.035714286,3.392857143,17.67857143,4.392857143,0.535714286,0.464285714,28
Kennesaw,2006,70.26923077,0.076923077,24.15384615,58.42307692,7.538461538,24.26923077,14.42307692,20.38461538,11.73076923,18.03846154,13.42307692,13.80769231,9.346153846,2.384615385,18.15384615,-6.038461538,0.423076923,0.576923077,26
Kent,2006,72.0625,0.09375,24.5,55.1875,6.9375,19.59375,16.125,22.375,11.0625,22.375,13.4375,13.25,7.71875,2.3125,20.09375,6.9375,0.75,0.25,32
Kentucky,2006,70.45454545,0,25.90909091,57.48484848,7.636363636,21.48484848,11,16.75757576,12.66666667,23.21212121,14.18181818,13.39393939,5.96969697,3.090909091,16.90909091,4.848484848,0.636363636,0.363636364,33
LSU,2006,74.76666667,0.033333333,27.7,58.26666667,4.333333333,12.83333333,15.03333333,21.5,13.9,26.33333333,15.73333333,15.56666667,8.466666667,6.266666667,15.66666667,9.533333333,0.733333333,0.266666667,30
La Salle,2006,69.32142857,0.178571429,24.53571429,55.42857143,6.892857143,19.28571429,13.35714286,18.5,11.67857143,24.10714286,13.57142857,13.92857143,7.535714286,3.285714286,17.03571429,3.857142857,0.642857143,0.357142857,28
Lafayette,2006,65.46153846,0.038461538,22,53.19230769,7.846153846,23.26923077,13.61538462,18.42307692,9.269230769,20.46153846,12.76923077,16.23076923,7.653846154,2.692307692,18.26923077,-7.346153846,0.346153846,0.653846154,26
Lamar,2006,78.37037037,0,27.74074074,62.03703704,6.777777778,19.96296296,16.11111111,24.51851852,13.07407407,24.66666667,15.18518519,14.22222222,7.222222222,5,19.62962963,0.703703704,0.518518519,0.481481481,27
Lehigh,2006,61.31034483,0,20.89655172,50.62068966,6.172413793,17.48275862,13.34482759,19.55172414,9.827586207,24.20689655,12.24137931,14.65517241,6.379310345,2.75862069,17.62068966,0.965517241,0.586206897,0.413793103,29
Liberty,2006,61.81481481,0.037037037,21.85185185,54.18518519,4.888888889,16,13.22222222,19.48148148,10.14814815,22.18518519,9.518518519,14.66666667,5.37037037,2.814814815,22.37037037,-12.59259259,0.148148148,0.851851852,27
Lipscomb,2006,72.77419355,0.064516129,25.48387097,57.16129032,7.193548387,20.83870968,14.61290323,19.87096774,12.58064516,24.29032258,13.61290323,15.16129032,7.677419355,2.838709677,17.83870968,5.935483871,0.677419355,0.322580645,31
Long Beach St,2006,82.4137931,0.103448276,28.96551724,64.24137931,8.448275862,24.24137931,16.03448276,22.68965517,12.93103448,23.24137931,13.24137931,14.68965517,7.310344828,3.310344828,18.96551724,1.965517241,0.586206897,0.413793103,29
Long Island,2006,68.55555556,0.037037037,23.44444444,57.11111111,8.518518519,23.25925926,13.14814815,19.48148148,11.51851852,21.88888889,12.51851852,14.48148148,6.407407407,2.296296296,20.03703704,-4.185185185,0.407407407,0.592592593,27
Longwood,2006,71.92857143,0.071428571,25.42857143,59.71428571,5.428571429,16.75,15.64285714,23.17857143,13.07142857,23.5,14.89285714,16.78571429,7.035714286,2.928571429,19.85714286,-8.071428571,0.285714286,0.714285714,28
Louisiana Tech,2006,65.70967742,0.032258065,24.70967742,58.77419355,4.483870968,15.80645161,11.80645161,18.5483871,15.5483871,23.83870968,14.29032258,15.35483871,7.709677419,4.064516129,18.4516129,2.612903226,0.612903226,0.387096774,31
Louisville,2006,69.8,0.066666667,23.83333333,56.66666667,8.133333333,23.23333333,14,19.93333333,12.16666667,23.76666667,15.36666667,13,6.733333333,3.4,18.83333333,5.133333333,0.6,0.4,30
Loy Marymount,2006,72.6,0.133333333,25.76666667,61.36666667,4.766666667,14.46666667,16.3,23.8,13.36666667,23.93333333,15.6,15.6,7.633333333,3.233333333,19.46666667,-2,0.4,0.6,30
Loyola MD,2006,76.85714286,0.035714286,27.82142857,61.03571429,7.964285714,22.32142857,13.25,19.25,13.57142857,22.92857143,14.10714286,15.53571429,7.428571429,2.392857143,19.85714286,-1.285714286,0.535714286,0.464285714,28
Loyola-Chicago,2006,71.25,0.035714286,25.17857143,55.85714286,5.892857143,16.75,15,20.03571429,12.14285714,22.53571429,12.21428571,13.10714286,6.178571429,4,18.60714286,0.964285714,0.607142857,0.392857143,28
MD E Shore,2006,64.89655172,0.103448276,23.4137931,58.5862069,5.689655172,17.79310345,12.37931034,21.13793103,13.44827586,22.27586207,11.72413793,17.13793103,6,3.103448276,18.27586207,-9.827586207,0.24137931,0.75862069,29
MS Valley St,2006,60.74074074,0,22,52.18518519,5.481481481,15.25925926,11.25925926,18.62962963,12.18518519,20.44444444,11.07407407,15.55555556,5.37037037,1.962962963,19.25925926,-8.888888889,0.333333333,0.666666667,27
MTSU,2006,69.81481481,0.074074074,23.85185185,54.85185185,6.592592593,19.25925926,15.51851852,21.85185185,11.88888889,22.48148148,12.81481481,14.25925926,6.481481481,2.148148148,19.77777778,-0.259259259,0.555555556,0.444444444,27
Maine,2006,63.30769231,0.076923077,21.69230769,53.03846154,7.538461538,21.26923077,12.38461538,17.19230769,9.192307692,23.88461538,11.30769231,14.92307692,5.730769231,4,17.38461538,-6.461538462,0.384615385,0.615384615,26
Manhattan,2006,76.67857143,0.107142857,26.75,58.82142857,6.642857143,18.78571429,16.53571429,24.35714286,11.92857143,23.28571429,13.21428571,12.89285714,7.928571429,5.75,20.57142857,1.428571429,0.642857143,0.357142857,28
Marist,2006,76.89655172,0,27.24137931,55.62068966,8.75862069,22.75862069,13.65517241,20.03448276,10.51724138,24.68965517,15.72413793,13.34482759,5.034482759,2.655172414,17.62068966,4.448275862,0.655172414,0.344827586,29
Marquette,2006,74.20689655,0.068965517,26.27586207,58.37931034,8.517241379,21.4137931,13.13793103,17.93103448,11.96551724,23.5862069,15.27586207,14.79310345,7.517241379,3.068965517,19.48275862,4.551724138,0.655172414,0.344827586,29
Marshall,2006,65.89285714,0.142857143,22.85714286,56.39285714,6.464285714,21.25,13.71428571,20.32142857,13.85714286,22.71428571,13.42857143,16.25,7.785714286,2.607142857,18.53571429,-3.25,0.428571429,0.571428571,28
Maryland,2006,77.43333333,0.033333333,27.06666667,60.33333333,4.866666667,13.06666667,18.43333333,25.36666667,14.03333333,25.1,15.93333333,16.63333333,7.9,5.833333333,19.23333333,4.233333333,0.6,0.4,30
Massachusetts,2006,64.85714286,0,23.10714286,52.71428571,5.392857143,17.67857143,13.25,20.60714286,12.92857143,24.32142857,13.35714286,17,5.785714286,7.214285714,18.78571429,1.107142857,0.464285714,0.535714286,28
McNeese St,2006,70.8,0.04,24.72,59.68,6.2,16.84,15.16,22.36,13.92,21.2,11.76,16.48,9.72,2.44,21.92,-3,0.44,0.56,25
Memphis,2006,80.90909091,0,28.06060606,62.66666667,7.606060606,21.60606061,17.18181818,25.09090909,15.81818182,26.24242424,15.72727273,15.81818182,9.787878788,6.757575758,20.21212121,15.03030303,0.909090909,0.090909091,33
Mercer,2006,73.5,0.107142857,26.96428571,60.89285714,6.142857143,18.67857143,13.42857143,19.60714286,12.53571429,24.17857143,11.89285714,14.85714286,6.071428571,2.857142857,17.57142857,-7.071428571,0.321428571,0.678571429,28
Miami FL,2006,68.64516129,0.096774194,24.38709677,55.90322581,6.483870968,18.5483871,13.38709677,19.25806452,13.58064516,21.80645161,11.70967742,12.58064516,7,4.032258065,18.06451613,3.129032258,0.516129032,0.483870968,31
Miami OH,2006,63.21428571,0.107142857,22.78571429,49.42857143,5.892857143,17.46428571,11.75,16,8,23.42857143,12.39285714,13.21428571,5.464285714,2.75,18.21428571,2.857142857,0.642857143,0.357142857,28
Michigan,2006,71.32142857,0,25.28571429,52.64285714,6.428571429,17.5,14.32142857,18.82142857,10.71428571,23.17857143,14.82142857,15.5,6.178571429,4.035714286,16.5,4.821428571,0.642857143,0.357142857,28
Michigan St,2006,73.9375,0.1875,26.125,54.71875,5.84375,15.78125,15.84375,20.53125,11.0625,24.78125,16.59375,14.09375,6.28125,2.96875,18.09375,5.4375,0.65625,0.34375,32
Minnesota,2006,65.89655172,0.137931034,23.72413793,54.4137931,4.724137931,14.62068966,13.72413793,20.65517241,12.13793103,22.68965517,14.24137931,14.5862069,8.413793103,3.517241379,16.72413793,1.448275862,0.517241379,0.482758621,29
Mississippi,2006,65.03333333,0.033333333,23.7,53.9,6,18.3,11.63333333,18.46666667,12.6,21.16666667,13.53333333,15.8,7.133333333,2.8,19.26666667,-2.666666667,0.466666667,0.533333333,30
Mississippi St,2006,68.1,0.1,24.93333333,56.06666667,5.566666667,17.73333333,12.66666667,20,13.4,25.53333333,11,17.33333333,6.2,4.533333333,17.63333333,-0.5,0.5,0.5,30
Missouri,2006,66.28571429,0.035714286,23.57142857,55.07142857,6.142857143,18.25,13,19.96428571,12.64285714,21.10714286,12.03571429,15.78571429,5.964285714,2.25,18.14285714,-4.142857143,0.428571429,0.571428571,28
Missouri KC,2006,70.37037037,0.074074074,24.2962963,57.40740741,7.851851852,21.22222222,13.92592593,19.22222222,11,20.62962963,11.55555556,12.03703704,7.037037037,2.777777778,19.25925926,-4.814814815,0.481481481,0.518518519,27
Missouri St,2006,75.32142857,0,26.5,57.46428571,6.285714286,16.5,16.03571429,21.46428571,12.10714286,24.60714286,15,13.96428571,8.285714286,3.285714286,18.67857143,8.928571429,0.714285714,0.285714286,28
Monmouth NJ,2006,64.84375,0.15625,23.3125,52.59375,6.34375,18.78125,11.875,17.84375,8.84375,23.8125,14.65625,15.09375,7.65625,3.4375,16.9375,0.84375,0.5625,0.4375,32
Montana,2006,78.14814815,0.111111111,27.81481481,56.85185185,7.444444444,19.44444444,15.07407407,21.14814815,11.07407407,24.07407407,17.7037037,14.14814815,7.296296296,2.925925926,18.81481481,6.814814815,0.777777778,0.222222222,27
Montana St,2006,73,0.037037037,25.85185185,56.33333333,8.296296296,22.22222222,13,20,10.59259259,23.59259259,15.33333333,14.40740741,5.703703704,3.481481481,18.14814815,-1.481481481,0.481481481,0.518518519,27
Morehead St,2006,59.84615385,0.038461538,21.84615385,52.38461538,4.615384615,14.61538462,11.53846154,16.57692308,10.23076923,20.69230769,12.42307692,16.92307692,6.807692308,3.153846154,19.07692308,-14.88461538,0.115384615,0.884615385,26
Morgan St,2006,54.86666667,0.133333333,20.1,53.6,4.233333333,14.96666667,10.43333333,16.8,10.63333333,21,9.733333333,18.73333333,5.433333333,3.3,19.7,-19.5,0.133333333,0.866666667,30
Mt St Mary's,2006,64.63333333,0.066666667,22.66666667,54.73333333,5.833333333,19.33333333,13.46666667,18.73333333,10.86666667,21.26666667,12.2,13.7,7.533333333,2.6,20.7,-1.866666667,0.433333333,0.566666667,30
Murray St,2006,71.10344828,0.103448276,25.93103448,57.44827586,7.413793103,20.79310345,11.82758621,18.17241379,12.96551724,23.89655172,16,12.44827586,7.896551724,4.827586207,18.44827586,9.689655172,0.793103448,0.206896552,29
N Colorado,2006,64.55555556,0,23.44444444,53.62962963,5.62962963,15.85185185,12.03703704,18.2962963,12.44444444,20.92592593,15.40740741,17.48148148,5.111111111,2.296296296,21.11111111,-10.66666667,0.111111111,0.888888889,27
N Dakota St,2006,69.95833333,0.041666667,23.875,52.375,6.125,15.41666667,16.08333333,21.79166667,12.33333333,23.875,13.25,16.75,5.666666667,3.541666667,19.08333333,2.25,0.5,0.5,24
N Illinois,2006,70.51851852,0.148148148,24.81481481,51.85185185,6.666666667,17.44444444,14.22222222,20.03703704,10.14814815,21.88888889,15.81481481,13.2962963,5.481481481,3.703703704,17.77777778,2.62962963,0.592592593,0.407407407,27
NC A&T,2006,61.72413793,0.103448276,21.65517241,55.51724138,5.793103448,20.68965517,12.62068966,21.27586207,11.68965517,21.17241379,11.31034483,16.27586207,6.827586207,2.724137931,19.24137931,-9.448275862,0.206896552,0.793103448,29
NC State,2006,75.7,0.2,25,53.53333333,9.333333333,24.63333333,16.36666667,21.63333333,9.033333333,24.2,16,13.66666667,7.366666667,4.866666667,17.7,8.033333333,0.7,0.3,30
Navy,2006,65.65384615,0.038461538,21.92307692,55.84615385,6.923076923,19.88461538,14.88461538,20.80769231,13.65384615,21.46153846,11.92307692,18.11538462,7.769230769,2.192307692,21.76923077,-5.961538462,0.307692308,0.692307692,26
Nebraska,2006,66.84375,0,22.375,54.3125,6.625,19.0625,15.46875,23.0625,13.3125,25.3125,13.34375,15.65625,6.59375,3.84375,16.53125,1,0.59375,0.40625,32
Nevada,2006,72.22580645,0.064516129,25.83870968,57.12903226,5.419354839,15.06451613,15.12903226,21,12.64516129,25.67741935,15.35483871,12.96774194,5.387096774,4.741935484,16.25806452,9.032258065,0.838709677,0.161290323,31
New Hampshire,2006,59.31034483,0.103448276,19.62068966,46.96551724,7.75862069,22.27586207,12.31034483,15.68965517,7.862068966,20.89655172,12.10344828,14.37931034,4.448275862,1.965517241,17.06896552,-5.275862069,0.413793103,0.586206897,29
New Mexico,2006,64.63333333,0.033333333,23,50.5,6.433333333,18.6,12.2,18.23333333,8.5,20.96666667,13.6,12.16666667,7.3,2.233333333,16.43333333,2.2,0.566666667,0.433333333,30
New Mexico St,2006,69.75862069,0.137931034,24.17241379,53.55172414,5.689655172,16.20689655,15.72413793,22.44827586,10.89655172,23.10344828,11.13793103,16.31034483,6.75862069,2.275862069,17.82758621,-0.724137931,0.517241379,0.482758621,29
New Orleans,2006,63.55555556,0.148148148,22.66666667,54.44444444,5.925925926,17.2962963,12.2962963,19,11.44444444,21.77777778,13.18518519,14.92592593,6.407407407,2.592592593,17.37037037,-6.62962963,0.296296296,0.703703704,27
Niagara,2006,73.72413793,0.172413793,24.34482759,58.68965517,7.689655172,23.65517241,17.34482759,23.24137931,14.51724138,23.79310345,13.86206897,14.37931034,5.862068966,2.310344828,17,-2.620689655,0.379310345,0.620689655,29
Nicholls St,2006,69.03846154,0,24.34615385,56.73076923,7.153846154,21.34615385,13.19230769,18.57692308,9.461538462,24.26923077,12.5,16.65384615,5.423076923,3.346153846,18.38461538,-11.11538462,0.307692308,0.692307692,26
Norfolk St,2006,61.87096774,0,22.83870968,54.41935484,3.806451613,13,12.38709677,20.16129032,14.25806452,23.90322581,9.483870968,17.32258065,7.387096774,2.774193548,20.67741935,-3.225806452,0.419354839,0.580645161,31
North Carolina,2006,80.37931034,0,28.20689655,58.51724138,6.896551724,18.10344828,17.06896552,24.27586207,14.03448276,25.96551724,17.96551724,16.62068966,7.896551724,3.931034483,17.37931034,11.48275862,0.75862069,0.24137931,29
North Florida,2006,68.73076923,0.038461538,24.57692308,55.57692308,5.346153846,15.69230769,14.23076923,19.76923077,11.65384615,21.69230769,13.07692308,16.46153846,5.923076923,2.461538462,18.26923077,-7.653846154,0.153846154,0.846153846,26
North Texas,2006,73.88,0,26.12,61.12,7.44,20.08,14.2,21.12,13.76,22.96,11.88,16.12,8.76,4.8,21.92,-2.2,0.44,0.56,25
Northeastern,2006,74.17241379,0,26.55172414,59.72413793,7.517241379,22.75862069,13.55172414,18.48275862,11.93103448,25.20689655,15.93103448,13.68965517,6.206896552,8,15.55172414,3.482758621,0.620689655,0.379310345,29
Northern Arizona,2006,74.92857143,0,26.14285714,54.85714286,5.928571429,15.10714286,16.71428571,22.14285714,10.03571429,22.57142857,15.53571429,16.67857143,6.714285714,2.571428571,20.64285714,1.857142857,0.642857143,0.357142857,28
Northern Iowa,2006,65.43333333,0.233333333,22.9,50.43333333,6.7,19.26666667,12.93333333,17.96666667,8.5,24.7,13.6,12.43333333,5.233333333,3.433333333,14.23333333,6.8,0.7,0.3,30
Northwestern,2006,58.10714286,0.071428571,20.85714286,46.96428571,6.892857143,21.5,9.5,14.10714286,6.5,19.75,14.71428571,12.35714286,7.571428571,2.428571429,15.5,-1.214285714,0.464285714,0.535714286,28
Northwestern LA,2006,75.75862069,0.103448276,26.62068966,57.34482759,6.586206897,18.13793103,15.93103448,23.68965517,13.06896552,22.5862069,16.65517241,15.79310345,8.827586207,3.275862069,20.89655172,6.172413793,0.75862069,0.24137931,29
Notre Dame,2006,76,0.214285714,25.60714286,57.57142857,9.75,24.17857143,15.03571429,20.75,12.17857143,26.03571429,15.60714286,11.78571429,5.642857143,3.5,16.10714286,5.821428571,0.535714286,0.464285714,28
Oakland,2006,72.22222222,0,24.85185185,56,6.333333333,18.92592593,16.18518519,23.74074074,13.51851852,22.14814815,11.81481481,15.77777778,7.37037037,2.111111111,17.11111111,-5.296296296,0.333333333,0.666666667,27
Ohio,2006,69.10344828,0.068965517,23.79310345,52.17241379,7.344827586,20.4137931,14.17241379,20.4137931,11.03448276,21.96551724,14.06896552,13.93103448,8.206896552,2.310344828,16.62068966,4.344827586,0.620689655,0.379310345,29
Ohio St,2006,74.7,0.1,26.26666667,55.96666667,8.4,22.66666667,13.76666667,19.13333333,10.1,23.93333333,15.7,12.13333333,7,2.7,15.4,11.2,0.833333333,0.166666667,30
Oklahoma,2006,68.60714286,0,24.42857143,54.46428571,6.035714286,16.82142857,13.71428571,19.17857143,14.64285714,21.96428571,14.46428571,14.03571429,7.107142857,3.428571429,16.92857143,5.571428571,0.714285714,0.285714286,28
Oklahoma St,2006,70.71875,0.0625,25.71875,53.4375,4.625,12.875,14.65625,19.8125,11.8125,21.875,15.09375,17.125,8.09375,3.375,19.71875,4.8125,0.53125,0.46875,32
Old Dominion,2006,70.86666667,0.033333333,24.46666667,55.63333333,6.766666667,19.56666667,15.16666667,21.2,11.96666667,24.5,15.53333333,12.8,7.933333333,3.333333333,16.2,6.7,0.7,0.3,30
Oral Roberts,2006,74.32258065,0.032258065,25.93548387,57.22580645,6.548387097,17,15.90322581,22.35483871,13.48387097,23.90322581,15.83870968,14.41935484,6.64516129,4.129032258,17.61290323,6.516129032,0.64516129,0.35483871,31
Oregon,2006,69.21875,0.0625,25.21875,55.25,6.875,20.53125,11.90625,17.8125,11.28125,21.96875,13.46875,12.59375,5.4375,2.9375,17.96875,3.5625,0.4375,0.5625,32
Oregon St,2006,65.90322581,0.064516129,22.70967742,51.77419355,5.35483871,15.16129032,15.12903226,21.74193548,10.35483871,22.80645161,11.70967742,15.4516129,5.516129032,4.741935484,17.03225806,-4.096774194,0.419354839,0.580645161,31
Pacific,2006,73.72413793,0.103448276,26.55172414,54.72413793,6.448275862,16.75862069,14.17241379,19,9.862068966,25.31034483,15.65517241,12.55172414,5.931034483,2.103448276,15.37931034,10.13793103,0.75862069,0.24137931,29
Penn,2006,69,0.111111111,24.7037037,55,6.592592593,20.7037037,13,19.22222222,10.51851852,21.74074074,14.40740741,13.59259259,10.03703704,2.703703704,17.96296296,8.925925926,0.703703704,0.296296296,27
Penn St,2006,67.24137931,0,24.34482759,55.13793103,6.137931034,17.06896552,12.4137931,18.44827586,11.86206897,22.06896552,15.62068966,12.72413793,6.931034483,1.896551724,13.89655172,-0.413793103,0.517241379,0.482758621,29
Pepperdine,2006,65.96296296,0.074074074,23.62962963,57.62962963,4.592592593,14.18518519,14.11111111,20.85185185,11.96296296,23.96296296,10.40740741,15.11111111,6.555555556,3.185185185,20.96296296,-7.111111111,0.259259259,0.740740741,27
Pittsburgh,2006,72.4516129,0.064516129,25.29032258,55.96774194,6.258064516,17.77419355,15.61290323,22.67741935,13.09677419,26.09677419,16.51612903,13.74193548,6.35483871,3.838709677,17.06451613,9.677419355,0.774193548,0.225806452,31
Portland,2006,68.85714286,0.107142857,23.75,55.42857143,5.642857143,14.89285714,15.71428571,21.82142857,10.10714286,21.78571429,11.96428571,13.78571429,7,2.107142857,19.32142857,-5.142857143,0.392857143,0.607142857,28
Portland St,2006,71.07692308,0.076923077,24.42307692,54.57692308,7.115384615,17.65384615,15.11538462,22.34615385,12.42307692,22.76923077,14.53846154,16.88461538,6,3.038461538,20.19230769,-1.192307692,0.384615385,0.615384615,26
Prairie View,2006,65.11111111,0,23.81481481,60.25925926,5.222222222,15.96296296,12.25925926,20.33333333,12.77777778,20.92592593,9.962962963,17.48148148,8,2,19.77777778,-15.66666667,0.111111111,0.888888889,27
Princeton,2006,52.15384615,0.153846154,17.38461538,41.53846154,7.807692308,21.23076923,9.576923077,12.30769231,5.423076923,16.80769231,11.07692308,13.26923077,7.307692308,1.923076923,18.88461538,-3.576923077,0.461538462,0.538461538,26
Providence,2006,74.81481481,0,26.40740741,57.62962963,5.888888889,16.81481481,16.11111111,23.37037037,13.59259259,22.03703704,13.18518519,14.96296296,7.888888889,4.925925926,17.92592593,0.148148148,0.444444444,0.555555556,27
Purdue,2006,64.67857143,0.035714286,23.89285714,53,5.464285714,16.60714286,11.42857143,16.71428571,10.92857143,21.75,13.07142857,17.67857143,5.392857143,3.321428571,19,-6.214285714,0.321428571,0.678571429,28
Quinnipiac,2006,72.33333333,0.148148148,24.96296296,57.14814815,6.814814815,20.81481481,15.59259259,21.62962963,11.85185185,24.74074074,14.51851852,17.14814815,6.592592593,3.074074074,20.44444444,-2.296296296,0.407407407,0.592592593,27
Radford,2006,72.77777778,0.037037037,24.25925926,57.40740741,7.074074074,21.11111111,17.18518519,23.14814815,11.40740741,23.03703704,11.40740741,12.85185185,6.666666667,4.481481481,20.03703704,-0.740740741,0.518518519,0.481481481,27
Rhode Island,2006,63.53571429,0.071428571,23.14285714,54.82142857,4.428571429,14.5,12.82142857,18.75,13.28571429,22.82142857,12.39285714,12.53571429,5.535714286,3.142857143,17.75,-1.571428571,0.5,0.5,28
Rice,2006,66.03846154,0.230769231,23.34615385,54.65384615,4.346153846,13.03846154,15,20.65384615,10.65384615,22.38461538,13.34615385,15.03846154,7.538461538,2.846153846,17.61538462,-4.5,0.384615385,0.615384615,26
Richmond,2006,52.06666667,0.033333333,18.16666667,45.46666667,6.4,21.66666667,9.333333333,14.2,8.433333333,19.3,12.13333333,13.93333333,5.066666667,4.633333333,16.93333333,-5.766666667,0.433333333,0.566666667,30
Rider,2006,70.75,0.071428571,23.78571429,55.89285714,8.142857143,23.17857143,15.03571429,21,10.39285714,24.5,14.92857143,15.64285714,6.321428571,3.5,18.28571429,-6.107142857,0.285714286,0.714285714,28
Robert Morris,2006,71.37037037,0.037037037,24.44444444,58.03703704,8.925925926,23.18518519,13.55555556,18.55555556,12.77777778,21.85185185,13.51851852,14.85185185,7.259259259,2.666666667,17.22222222,-1.777777778,0.481481481,0.518518519,27
Rutgers,2006,68.03333333,0.1,22.93333333,53.86666667,6.9,18.96666667,15.26666667,20.93333333,10.86666667,23.1,12.03333333,12.36666667,5.633333333,4.5,20.23333333,3.166666667,0.566666667,0.433333333,30
S Carolina St,2006,60.3,0.066666667,21.7,50.3,3.733333333,12.53333333,13.16666667,19.03333333,11.16666667,23.3,9.566666667,17.86666667,6.3,2.433333333,20.2,-3.566666667,0.466666667,0.533333333,30
S Dakota St,2006,63.07142857,0.107142857,22.39285714,55.85714286,5.392857143,15.75,12.89285714,18.60714286,13,22.25,11.71428571,18.78571429,6.75,2.107142857,18.17857143,-11.39285714,0.285714286,0.714285714,28
S Illinois,2006,60.77419355,0.161290323,21.29032258,51.80645161,5.677419355,16.87096774,12.51612903,18.19354839,11.83870968,20.96774194,12.29032258,14.32258065,8.580645161,3.193548387,19.64516129,5.032258065,0.709677419,0.290322581,31
SE Louisiana,2006,66.95833333,0.083333333,23.58333333,54.04166667,5.375,15,14.41666667,21.41666667,11.91666667,21.45833333,11.70833333,13.04166667,6.75,3.666666667,18.29166667,1.208333333,0.541666667,0.458333333,24
SE Missouri St,2006,62.84,0,21.36,55.16,7.36,21.68,12.76,17.12,11.56,23.12,12.36,14.28,5.12,3.04,17.08,-7.56,0.2,0.8,25
SF Austin,2006,70.38461538,0,25.46153846,56.73076923,5.307692308,14.42307692,14.15384615,20.19230769,12.11538462,21.96153846,13.88461538,12.96153846,7.384615385,1.038461538,18.84615385,3.615384615,0.538461538,0.461538462,26
SMU,2006,65.57142857,0.107142857,23.46428571,54.78571429,4.785714286,15.67857143,13.85714286,19.60714286,12.46428571,23.96428571,12.85714286,15.96428571,7.678571429,4.642857143,18.89285714,1.678571429,0.428571429,0.571428571,28
Sacred Heart,2006,66.17857143,0,23.42857143,52.10714286,4.5,14.71428571,14.82142857,21.35714286,11.35714286,23.60714286,12.21428571,16.42857143,7.392857143,2.607142857,18.10714286,-1.75,0.392857143,0.607142857,28
Sam Houston St,2006,71.88888889,0.148148148,24.40740741,55,7.296296296,19.81481481,15.77777778,25.48148148,12.40740741,23.55555556,17.18518519,16.37037037,7.37037037,3.296296296,20.77777778,0.111111111,0.666666667,0.333333333,27
Samford,2006,63.75862069,0.068965517,22.44827586,48.4137931,9.344827586,24.27586207,9.517241379,13.37931034,7.689655172,18.96551724,14.68965517,10.62068966,6.310344828,1.551724138,14.4137931,3,0.620689655,0.379310345,29
San Diego,2006,77.65517241,0.103448276,27.89655172,58.55172414,7.551724138,19.17241379,14.31034483,20.68965517,11.48275862,23.51724138,15.82758621,16.62068966,7,3.655172414,19.89655172,3.965517241,0.586206897,0.413793103,29
San Diego St,2006,73.93333333,0.066666667,25.2,55.1,6.766666667,17.16666667,16.76666667,23.23333333,13.13333333,21.83333333,13.16666667,14.83333333,7.733333333,3.033333333,16.66666667,7.133333333,0.733333333,0.266666667,30
San Francisco,2006,69.10714286,0.178571429,25.39285714,59.17857143,6.571428571,19.53571429,11.75,17.75,12.67857143,22.64285714,13.03571429,14.25,6.535714286,3.678571429,18.67857143,-2.392857143,0.392857143,0.607142857,28
San Jose St,2006,65,0.032258065,24.38709677,59.64516129,4.032258065,13.19354839,12.19354839,18.58064516,12.41935484,23.22580645,11.93548387,13.83870968,5.64516129,3.064516129,17.90322581,-5.419354839,0.193548387,0.806451613,31
Santa Barbara,2006,66.53571429,0.035714286,23.39285714,53.07142857,5.785714286,16.60714286,13.96428571,19.67857143,10.46428571,23.03571429,12.32142857,13.42857143,6,3.25,17.42857143,0.5,0.5,0.5,28
Santa Clara,2006,66.7037037,0.111111111,23.33333333,56.33333333,5.777777778,18.2962963,14.25925926,20.18518519,12.14814815,24.14814815,13.37037037,13.88888889,6.185185185,3.37037037,18.85185185,-2.925925926,0.407407407,0.592592593,27
Savannah St,2006,55,0,18.66666667,51.03703704,5,16.11111111,12.66666667,18.18518519,9,19.51851852,8.481481481,20.48148148,6.296296296,2.814814815,22.07407407,-27.77777778,0.037037037,0.962962963,27
Seton Hall,2006,67.82758621,0.068965517,23.13793103,56.17241379,5.793103448,17.24137931,15.75862069,21.31034483,12.55172414,24.31034483,12.51724138,13.44827586,6.75862069,2.586206897,18.79310345,1.379310345,0.620689655,0.379310345,29
Siena,2006,74.42857143,0.107142857,24.75,58,7.928571429,21,17,22.39285714,10.92857143,22.89285714,13.82142857,13.25,8.178571429,2.178571429,15.75,1.571428571,0.535714286,0.464285714,28
South Alabama,2006,74.10344828,0.034482759,25.79310345,56.79310345,8.551724138,23.4137931,13.96551724,19.82758621,11.17241379,22.75862069,14.17241379,13.24137931,8.482758621,1.310344828,18.72413793,8.206896552,0.793103448,0.206896552,29
South Carolina,2006,67.125,0.09375,24.9375,54.4375,7.1875,19.875,10.0625,14.8125,11.53125,20.4375,14.125,12.21875,7.28125,4.28125,14.75,4.40625,0.53125,0.46875,32
South Florida,2006,59.86206897,0.137931034,21.20689655,50.51724138,5.034482759,14.96551724,12.4137931,18.06896552,11.31034483,22.48275862,11.68965517,18.24137931,5.724137931,5.586206897,18.5862069,-4.448275862,0.24137931,0.75862069,29
Southern Miss,2006,58.60714286,0.25,20.10714286,49.14285714,3.5,11.64285714,14.89285714,21.64285714,11.03571429,20.92857143,10.57142857,15.17857143,5.571428571,1.5,20.5,-9.785714286,0.25,0.75,28
Southern Univ,2006,65.77419355,0.096774194,24.67741935,55.96774194,4.483870968,14.06451613,11.93548387,18.41935484,13.09677419,25.70967742,12.35483871,17.58064516,7.580645161,3.806451613,17.87096774,1.258064516,0.612903226,0.387096774,31
Southern Utah,2006,68.03448276,0,23.86206897,50.51724138,7.620689655,17.72413793,12.68965517,17.75862069,6.75862069,21.79310345,15.34482759,14.5862069,6.275862069,2.206896552,18.79310345,-3.482758621,0.310344828,0.689655172,29
St Bonaventure,2006,68.11111111,0.111111111,25.7037037,60.07407407,4.518518519,17.11111111,12.18518519,19.44444444,13.77777778,22.66666667,13.48148148,13.51851852,5.703703704,2.740740741,16.51851852,-5.333333333,0.296296296,0.703703704,27
St Francis NY,2006,63.74074074,0.111111111,22.85185185,55.59259259,6.481481481,18.88888889,11.55555556,17.55555556,11.66666667,22.81481481,11.77777778,15.22222222,7.703703704,3.592592593,21.07407407,-3.37037037,0.37037037,0.62962963,27
St Francis PA,2006,59.44444444,0.074074074,21.2962963,53.59259259,7.222222222,21.40740741,9.62962963,14.44444444,10.14814815,20.40740741,12.7037037,14.51851852,5.259259259,3.037037037,16.37037037,-11.55555556,0.111111111,0.888888889,27
St John's,2006,59.96296296,0.037037037,21.85185185,52.81481481,3.444444444,12.92592593,12.81481481,19.51851852,13.74074074,24.37037037,13.03703704,16.14814815,7.037037037,3.925925926,19.37037037,-0.407407407,0.444444444,0.555555556,27
St Joseph's PA,2006,65.67741935,0.032258065,21.4516129,49.87096774,7.096774194,19.61290323,15.67741935,19.77419355,9.35483871,22.87096774,13.61290323,12.80645161,5.548387097,4,18.74193548,4.548387097,0.580645161,0.419354839,31
St Louis,2006,60.31034483,0.068965517,21.31034483,51.51724138,4.827586207,14.68965517,12.86206897,18.48275862,10.89655172,23.4137931,12.13793103,13.27586207,5.137931034,3.724137931,17,0.689655172,0.551724138,0.448275862,29
St Mary's CA,2006,69.85714286,0.142857143,23.71428571,54.46428571,6.821428571,18.85714286,15.60714286,21.92857143,12.35714286,24.75,10.82142857,14.96428571,5.714285714,3.928571429,18.71428571,2.714285714,0.571428571,0.428571429,28
St Peter's,2006,74.53125,0.125,26.90625,63.8125,7.53125,22.21875,13.1875,18.1875,14.84375,22.8125,13.5625,13.0625,8,3.46875,19.59375,-0.6875,0.53125,0.46875,32
Stanford,2006,66.42857143,0.071428571,22.53571429,53.03571429,4.821428571,13.82142857,16.53571429,21.5,11.42857143,22.89285714,14.28571429,13.82142857,5.321428571,4.607142857,16.64285714,0.892857143,0.535714286,0.464285714,28
Stetson,2006,66.53125,0.09375,23.3125,54.21875,5.46875,15.875,14.4375,19.625,11,19.625,11.78125,14.46875,8.65625,2.6875,19.5625,-2.78125,0.4375,0.5625,32
Stony Brook,2006,58.17857143,0,21.39285714,56.10714286,5.321428571,15.67857143,10.07142857,16.64285714,11.64285714,19.32142857,9.785714286,13.07142857,6.571428571,2.071428571,21.35714286,-10.64285714,0.142857143,0.857142857,28
Syracuse,2006,72.85294118,0.088235294,26.26470588,59.76470588,7.529411765,21.97058824,12.79411765,19.91176471,13.67647059,24.64705882,15.55882353,15.29411765,9.029411765,6.441176471,17.91176471,3.852941176,0.676470588,0.323529412,34
TAM C. Christi,2006,78.29166667,0.125,28.08333333,58.375,6.583333333,17.5,15.54166667,21.95833333,12.04166667,25.08333333,17.91666667,17,8.708333333,3.916666667,21.54166667,10.41666667,0.666666667,0.333333333,24
TCU,2006,62.33333333,0.033333333,20.7,55.83333333,6.6,20.43333333,14.33333333,22.53333333,13.43333333,20.73333333,12,15.9,7.666666667,2.2,19.3,-7.6,0.2,0.8,30
TN Martin,2006,71.80769231,0.115384615,23.42307692,54.23076923,5,15.53846154,19.96153846,28.15384615,12.03846154,21.80769231,11.76923077,14.38461538,7.769230769,2.653846154,21.34615385,-2.615384615,0.423076923,0.576923077,26
TX Southern,2006,66.32142857,0.107142857,22.03571429,55.5,5.25,15.42857143,17,26.32142857,12.71428571,24.60714286,10.82142857,19.07142857,6.25,3.285714286,19.67857143,-11.71428571,0.214285714,0.785714286,28
Temple,2006,62.29032258,0,21.96774194,55.19354839,6.935483871,21.32258065,11.41935484,19.12903226,11.77419355,19.70967742,9.741935484,7.741935484,10.03225806,2.483870968,15.41935484,3.35483871,0.548387097,0.451612903,31
Tennessee,2006,81.32142857,0,28.85714286,61.85714286,8.892857143,22.60714286,14.71428571,21,11.53571429,21.82142857,17.21428571,12.96428571,10.21428571,3.035714286,18,7.642857143,0.75,0.25,28
Tennessee St,2006,69.40740741,0,24.77777778,54.62962963,7.296296296,20.96296296,12.55555556,18.7037037,11.85185185,21.2962963,15.25925926,14.07407407,6.962962963,3.703703704,20.14814815,-0.518518519,0.444444444,0.555555556,27
Tennessee Tech,2006,71.10344828,0.068965517,24.82758621,57.48275862,6.448275862,19.44827586,15,21.79310345,13.55172414,22.5862069,12.20689655,15.93103448,7.206896552,2.655172414,22.34482759,-0.862068966,0.586206897,0.413793103,29
Texas,2006,76.12121212,0,26.96969697,57.6969697,7.424242424,19.54545455,14.75757576,20.45454545,14.06060606,26.18181818,14.90909091,13.6969697,8.151515152,5.121212121,15.3030303,16.03030303,0.818181818,0.181818182,33
Texas A&M,2006,69.20689655,0.034482759,23.55172414,52.34482759,6.551724138,18.27586207,15.55172414,23.03448276,10.37931034,21.31034483,16.75862069,13.4137931,8.655172414,2.965517241,21.5862069,8.75862069,0.724137931,0.275862069,29
Texas St,2006,62.41666667,0,22.58333333,54.625,5.208333333,16.91666667,12.04166667,17.58333333,11.91666667,21.45833333,11.95833333,16.66666667,6.041666667,3.875,20.20833333,-12.58333333,0.083333333,0.916666667,24
Texas Tech,2006,68.34375,0.09375,24.21875,55.125,5.375,13.78125,14.53125,20.40625,9.625,23.5625,15.0625,14,5.46875,2.4375,16.15625,-0.25,0.46875,0.53125,32
Toledo,2006,69.46666667,0,24.63333333,53,6.433333333,18.93333333,13.76666667,20.1,9.766666667,19.56666667,12.8,15.5,9.7,2.633333333,20.13333333,5.3,0.633333333,0.366666667,30
Towson,2006,69.71428571,0,24.85714286,55.89285714,6.607142857,19.39285714,13.39285714,19.17857143,10.78571429,24.5,15.42857143,15.03571429,6.75,2.535714286,17.46428571,-5.25,0.428571429,0.571428571,28
Troy,2006,72.03846154,0.192307692,25.46153846,61.73076923,11.42307692,33.07692308,9.692307692,13.92307692,11.61538462,23.69230769,14.53846154,12.26923077,7.461538462,2.884615385,16.5,0.846153846,0.423076923,0.576923077,26
Tulane,2006,61.59259259,0,21.48148148,49.92592593,3.703703704,12.37037037,14.92592593,21.85185185,11.14814815,24.40740741,13.18518519,17.92592593,6.222222222,4.555555556,19.03703704,-4.777777778,0.407407407,0.592592593,27
Tulsa,2006,61.40740741,0.074074074,21,49.77777778,5.259259259,15.92592593,14.14814815,20.18518519,9.740740741,25.59259259,12.07407407,18.33333333,6.185185185,3.333333333,21.40740741,-4.592592593,0.37037037,0.62962963,27
UAB,2006,73.93103448,0,26.20689655,58.17241379,7.103448276,20.5862069,14.4137931,22.20689655,10.65517241,20.20689655,15.27586207,12.86206897,11.10344828,3.551724138,18.20689655,8.517241379,0.793103448,0.206896552,29
UC Davis,2006,65.25925926,0.222222222,22.37037037,52.81481481,6.148148148,17.59259259,14.37037037,20.33333333,9.111111111,19.22222222,11.92592593,14.11111111,6.592592593,1.703703704,20.62962963,-8.407407407,0.259259259,0.740740741,27
UC Irvine,2006,70.88888889,0,24.77777778,52.48148148,8.481481481,20.18518519,12.85185185,17.07407407,9.814814815,23.77777778,14.81481481,13.62962963,5.111111111,2.703703704,16.11111111,4.407407407,0.592592593,0.407407407,27
UC Riverside,2006,65.7037037,0.148148148,23.92592593,61.22222222,5.851851852,18.66666667,12,17.18518519,13.25925926,22.66666667,11.25925926,17.14814815,7.259259259,2.814814815,19.92592593,-12.07407407,0.185185185,0.814814815,27
UCF,2006,62.2962963,0,22.2962963,51.44444444,6.962962963,18.96296296,10.74074074,16.40740741,11.14814815,22.55555556,14.25925926,15.92592593,6.481481481,3.518518519,19.25925926,-1.185185185,0.444444444,0.555555556,27
UCLA,2006,68.57575758,0.03030303,24.39393939,50.75757576,6.272727273,17.57575758,13.51515152,19.21212121,10.87878788,22.09090909,14.06060606,14.54545455,5.636363636,2.757575758,16.15151515,9.454545455,0.818181818,0.181818182,33
ULL,2006,66.75862069,0.137931034,23.72413793,53.65517241,5.75862069,19.51724138,13.55172414,21.03448276,10.5862069,25.86206897,14.20689655,17.03448276,6.75862069,5.620689655,18.62068966,-1.896551724,0.448275862,0.551724138,29
ULM,2006,62.8,0,21.76,55.36,7.28,21.64,12,17.72,11.28,22.88,10.56,16.48,7,1.72,18.96,-9.36,0.28,0.72,25
UMBC,2006,66.89655172,0.034482759,24.51724138,56.34482759,5.931034483,18.5862069,11.93103448,18.68965517,11.68965517,21.20689655,13.96551724,13.72413793,7.137931034,2.379310345,17.62068966,-3.206896552,0.344827586,0.655172414,29
UNC Asheville,2006,66.34615385,0.038461538,22.92307692,54.84615385,5.384615385,17.11538462,15.11538462,20.92307692,12.5,23.34615385,13.30769231,17.03846154,6.769230769,2.192307692,17.84615385,-10.26923077,0.307692308,0.692307692,26
UNC Greensboro,2006,67.27586207,0.137931034,23.31034483,53.72413793,5.862068966,18.13793103,14.79310345,22.62068966,11.89655172,20.93103448,12.55172414,16.4137931,8.586206897,4.517241379,18.37931034,-5.965517241,0.344827586,0.655172414,29
UNC Wilmington,2006,67.65625,0.15625,24.21875,56.65625,6.40625,19.28125,12.8125,18.21875,11.90625,24.28125,15.1875,12.46875,7.6875,1.6875,20.625,8.6875,0.78125,0.21875,32
UNLV,2006,69.46666667,0,25.83333333,58.03333333,6.1,17.66666667,11.7,17.46666667,12.63333333,23.4,15.73333333,14.8,7.333333333,3.133333333,19,3,0.566666667,0.433333333,30
USC,2006,68.89655172,0.068965517,24.27586207,56.20689655,6.689655172,19.4137931,13.65517241,19.82758621,9.862068966,21.79310345,12.93103448,14.13793103,7.413793103,3.206896552,18.72413793,1.448275862,0.551724138,0.448275862,29
UT Arlington,2006,71.38461538,0.115384615,24.53846154,54.46153846,6.461538462,17.88461538,15.84615385,23.69230769,12.57692308,23.96153846,14.57692308,17.88461538,6.923076923,2.615384615,19.73076923,-1.461538462,0.384615385,0.615384615,26
UT San Antonio,2006,73.07692308,0.076923077,26.61538462,58.80769231,6.576923077,19.61538462,13.26923077,20.07692308,13.38461538,25.76923077,15.11538462,19,8,3.846153846,20.73076923,-2.384615385,0.346153846,0.653846154,26
UTEP,2006,64.7037037,0.148148148,22.22222222,50.88888889,5.111111111,15.18518519,15.14814815,22.88888889,10.44444444,25.55555556,14.48148148,13.18518519,7,2.851851852,14.62962963,5.814814815,0.666666667,0.333333333,27
UTRGV,2006,58.88888889,0.037037037,19.96296296,52.11111111,4.259259259,12.96296296,14.7037037,21.74074074,11.18518519,20.33333333,10.74074074,16.40740741,6.666666667,1.666666667,18.51851852,-15.33333333,0.111111111,0.888888889,27
Utah,2006,64.67857143,0.178571429,23,49.42857143,6.321428571,16.46428571,12.35714286,18.42857143,10.57142857,22.60714286,13.46428571,16.17857143,5.464285714,2.071428571,17.57142857,-0.107142857,0.464285714,0.535714286,28
Utah St,2006,71.46666667,0.133333333,26.03333333,53.1,7.366666667,18.3,12.03333333,16.56666667,9.433333333,23.83333333,16.83333333,13,5.3,2.9,15.73333333,7.133333333,0.733333333,0.266666667,30
Utah Valley,2006,65.7037037,0.111111111,23.44444444,52.48148148,5.296296296,15.85185185,13.51851852,19,9.148148148,20.55555556,13.96296296,11.62962963,6.62962963,2.444444444,18.92592593,0.592592593,0.518518519,0.481481481,27
VA Commonwealth,2006,67.72413793,0.034482759,23.79310345,54.79310345,7.75862069,20.79310345,12.37931034,17.06896552,10.86206897,21.06896552,12.27586207,12.48275862,8.172413793,2.827586207,17.03448276,5.275862069,0.655172414,0.344827586,29
VMI,2006,68.41666667,0,24.04166667,56.08333333,5.916666667,19.125,14.41666667,21.04166667,10.95833333,24.83333333,13.125,18.20833333,6.833333333,1.916666667,17.375,-9.5,0.166666667,0.833333333,24
Valparaiso,2006,77.60714286,0.035714286,27.96428571,59.46428571,7.357142857,19.07142857,14.32142857,21.03571429,12.21428571,24.96428571,17,14.64285714,6.821428571,2.928571429,20.60714286,2.714285714,0.571428571,0.428571429,28
Vanderbilt,2006,70.17241379,0.068965517,25.10344828,54.37931034,8.103448276,20.5862069,11.86206897,16.96551724,10.75862069,20.68965517,15.37931034,12.93103448,6.068965517,2.965517241,16.17241379,3.551724138,0.586206897,0.413793103,29
Vermont,2006,64.53333333,0.133333333,22.33333333,52.13333333,5.633333333,16.66666667,14.23333333,21.63333333,11.93333333,24.9,13.4,15.4,5.866666667,3.366666667,19.63333333,-0.266666667,0.433333333,0.566666667,30
Villanova,2006,75.4137931,0.034482759,25.03448276,58.79310345,9.103448276,23.55172414,16.24137931,21.62068966,13.48275862,22.75862069,12.62068966,11.27586207,7.586206897,5.034482759,18.37931034,11.62068966,0.862068966,0.137931034,29
Virginia,2006,68.5862069,0.068965517,23.51724138,56.37931034,6.206896552,18.4137931,15.34482759,20.37931034,13.51724138,23.82758621,11.37931034,14.44827586,5.482758621,3.655172414,18.20689655,0.75862069,0.517241379,0.482758621,29
Virginia Tech,2006,68.66666667,0.066666667,25.56666667,56.26666667,4.633333333,14.4,12.9,20,10.96666667,20.7,12.96666667,11.23333333,9.1,4.266666667,17.7,3.5,0.466666667,0.533333333,30
W Carolina,2006,65.40740741,0.074074074,22.25925926,52.44444444,7.518518519,21.44444444,13.37037037,19.74074074,10.55555556,21.25925926,11.55555556,14.81481481,7.37037037,1.518518519,21.25925926,-3.703703704,0.37037037,0.62962963,27
W Illinois,2006,64.92307692,0,21.61538462,54.23076923,5.769230769,17.26923077,15.92307692,22.34615385,11.92307692,22.42307692,11.38461538,14.96153846,5.615384615,2.269230769,20.65384615,-8.5,0.192307692,0.807692308,26
W Michigan,2006,62.93333333,0.1,22,54.3,4.266666667,14.3,14.66666667,22.13333333,12.43333333,22.03333333,10.1,14.53333333,6.566666667,2.166666667,18.76666667,-5.9,0.433333333,0.566666667,30
WI Green Bay,2006,65.4,0.1,23.3,54.2,6.466666667,17.4,12.33333333,17.03333333,10.93333333,22.16666667,11.2,13.1,4.966666667,2.133333333,17.56666667,-3.533333333,0.466666667,0.533333333,30
WI Milwaukee,2006,73.53571429,0.071428571,25.64285714,58.71428571,6.571428571,19.46428571,15.67857143,22.67857143,14.32142857,23.89285714,12.5,13.78571429,6.785714286,2.928571429,19.42857143,7.785714286,0.714285714,0.285714286,28
WKU,2006,78.13793103,0.034482759,27.96551724,58.79310345,8.344827586,21.48275862,13.86206897,20.06896552,15.10344828,21.96551724,13.13793103,17.13793103,7.620689655,3.689655172,19.93103448,6.586206897,0.75862069,0.24137931,29
Wagner,2006,66.38461538,0,24.15384615,55.5,5.461538462,15.42307692,12.61538462,19.92307692,12.84615385,25.46153846,12.38461538,14.57692308,5.346153846,3.346153846,18.65384615,-1.076923077,0.461538462,0.538461538,26
Wake Forest,2006,73.45454545,0.151515152,25.15151515,55.45454545,6.484848485,17.78787879,16.66666667,24.84848485,13.90909091,25.60606061,13.84848485,16.21212121,5.727272727,4.363636364,18.81818182,1.757575758,0.515151515,0.484848485,33
Washington,2006,82.4,0.1,30.1,63.43333333,6.566666667,18,15.63333333,20.9,14.83333333,23.03333333,16.53333333,15.03333333,7.933333333,3.5,18.93333333,12.96666667,0.8,0.2,30
Washington St,2006,58.17857143,0,21.64285714,50.35714286,4.607142857,13.85714286,10.28571429,14.35714286,8.428571429,22.78571429,12.60714286,14.03571429,6.035714286,4.642857143,18.28571429,0.464285714,0.392857143,0.607142857,28
Weber St,2006,65.2,0.08,22.56,51.84,4.96,14.52,15.12,21.44,10.8,21.16,11.88,14.8,5.96,2.12,18.96,-5.16,0.32,0.68,25
West Virginia,2006,70.65517241,0.034482759,25.51724138,57.31034483,10.03448276,29.31034483,9.586206897,12.86206897,7.827586207,19.72413793,17.5862069,8.344827586,7.896551724,2.689655172,13,5.620689655,0.655172414,0.344827586,29
Wichita St,2006,68.32258065,0.129032258,23.77419355,53.87096774,6.741935484,18.19354839,14.03225806,19.32258065,11.83870968,25.03225806,14.96774194,12.90322581,5.290322581,1.838709677,15.4516129,6.774193548,0.741935484,0.258064516,31
William & Mary,2006,64.82142857,0.035714286,23.10714286,54.5,5.142857143,16.17857143,13.46428571,19.46428571,12.14285714,21.67857143,13.67857143,15.75,7,1.678571429,17.78571429,-4.607142857,0.285714286,0.714285714,28
Winthrop,2006,72.67857143,0.071428571,24.85714286,55.82142857,7.964285714,21.67857143,15,21.46428571,12.92857143,23.10714286,15.71428571,13.92857143,9.25,3.178571429,17.14285714,11.67857143,0.75,0.25,28
Wisconsin,2006,71,0.066666667,25.03333333,57.93333333,6.3,18.43333333,14.63333333,22.06666667,12.93333333,23.63333333,13.4,11.63333333,5.366666667,3.366666667,17.2,6.3,0.633333333,0.366666667,30
Wofford,2006,65.16,0.16,23.08,53.12,6.96,20.72,12.04,17.92,9.16,20.8,12.52,14,7.76,2.16,17.36,-4.92,0.28,0.72,25
Wright St,2006,62.66666667,0.111111111,22.11111111,50.62962963,4.222222222,13.81481481,14.22222222,20.81481481,11.22222222,20.81481481,12.14814815,13.66666667,5.296296296,1.592592593,20,-2.185185185,0.444444444,0.555555556,27
Wyoming,2006,66,0.096774194,22.09677419,52.58064516,4.096774194,13.58064516,17.70967742,26.77419355,13.35483871,25.12903226,10.51612903,17.06451613,5.709677419,6.741935484,19.67741935,-1.193548387,0.419354839,0.580645161,31
Xavier,2006,71.4516129,0.032258065,24.41935484,52.70967742,6.709677419,18.06451613,15.90322581,21.93548387,10.58064516,24.58064516,15.74193548,12.96774194,6.290322581,4.870967742,17.64516129,8.516129032,0.677419355,0.322580645,31
Yale,2006,66.86206897,0,23.82758621,53.24137931,5.310344828,15.10344828,13.89655172,20.86206897,10.5862069,25,14.82758621,17.4137931,6.965517241,3.068965517,18.5862069,-1.448275862,0.517241379,0.482758621,29
Youngstown St,2006,67.14814815,0.074074074,24.25925926,56.14814815,6.666666667,20.2962963,11.96296296,16.96296296,11.96296296,21.51851852,12.81481481,13.07407407,6.037037037,2.703703704,17.66666667,-5.259259259,0.222222222,0.777777778,27